species,best_guess
1,19.26667
2,20
6,20
8,19.26667
